大白菜,0.9,1.05,1.2,,冀,斤,2024-08-11
娃娃菜,0.8,1.0,1.2,,冀,斤,2024-08-11
小白菜,2.5,2.75,3.0,,冀,斤,2024-08-11
圆白菜,1.0,1.4,1.8,,冀,斤,2024-08-11
紫甘蓝,0.7,0.75,0.8,,冀,斤,2024-08-11
芹菜,2.0,2.15,2.3,,冀,斤,2024-08-11
西芹,2.0,2.15,2.3,,辽,斤,2024-08-11
菠菜,4.0,5.0,6.0,,冀蒙,斤,2024-08-11
莴笋,1.0,2.0,3.0,,冀,斤,2024-08-11
团生菜,1.8,2.8,3.8,,冀,斤,2024-08-11
罗马生菜,1.8,3.3,4.8,,云京,斤,2024-08-11
散叶生菜,3.0,3.5,4.0,,冀京,斤,2024-08-11
油菜,2.5,3.4,4.3,,冀京,斤,2024-08-11
香菜,3.0,4.75,6.5,,冀蒙,斤,2024-08-11
茴香,3.0,3.5,4.0,,冀,斤,2024-08-11
韭菜,3.0,3.5,4.0,,冀,斤,2024-08-11
苦菊,5.0,6.0,7.0,,辽冀,斤,2024-08-11
油麦菜,4.5,5.5,6.5,,冀京,斤,2024-08-11
散菜花,2.5,3.05,3.6,,冀,斤,2024-08-11
绿菜花,2.8,3.3,3.8,,冀,斤,2024-08-11
小黄瓜,7.1,7.25,7.4,荷兰,辽鲁,斤,2024-08-10
茄子,0.9,2.2,3.5,,冀京,斤,2024-08-10
长茄,1.5,2.65,3.8,,辽晋,斤,2024-08-10
线茄,1.0,1.9,2.8,,冀,斤,2024-08-10
广茄,1.0,1.5,2.0,,京,斤,2024-08-10
冬瓜,1.3,1.35,1.4,吊,冀辽,斤,2024-08-10
冬瓜,0.65,0.68,0.7,地,冀鄂,斤,2024-08-10
毛冬瓜,0.8,1.0,1.2,长\小,冀鲁豫,斤,2024-08-10
架豆,4.0,5.0,6.0,,冀晋,斤,2024-08-10
豆王,4.0,5.25,6.5,,辽冀,斤,2024-08-10
扁豆,5.0,6.0,7.0,,晋冀,斤,2024-08-10
豇豆,5.0,5.5,6.0,,冀,斤,2024-08-10
白豆,4.0,5.5,7.0,,冀辽,斤,2024-08-10
油豆,4.0,4.75,5.5,,辽冀,斤,2024-08-10
毛豆,3.5,4.0,4.5,,川苏冀,斤,2024-08-10
花生,3.0,4.75,6.5,,粤豫桂冀,斤,2024-08-10
玉米,0.9,1.05,1.2,黄,冀,斤,2024-08-10
玉米,0.9,1.05,1.2,白\花,冀,斤,2024-08-10
苦瓜,3.0,3.75,4.5,,冀鲁,斤,2024-08-10
丝瓜,3.5,4.45,5.4,,豫鲁冀,斤,2024-08-10
姜,5.0,5.5,6.0,姜头,鲁,斤,2024-08-11
姜,6.0,7.55,9.1,整姜,鲁,斤,2024-08-11
大蒜,4.5,6.1,7.7,老,豫苏鲁,斤,2024-08-11
蒜米,4.8,5.15,5.5,机剥\手工,鲁,斤,2024-08-11
大葱,3.3,3.4,3.5,,鲁冀,斤,2024-08-11
小葱,3.0,4.0,5.0,,冀辽,斤,2024-08-11
蒜苗,2.2,4.1,6.0,蒜薹,鲁,斤,2024-08-11
蒜黄,9.5,9.75,10.0,,冀,斤,2024-08-11
青蒜,4.5,4.65,4.8,,青,斤,2024-08-11
平菇,4.0,5.0,6.0,,京蒙,斤,2024-08-11
香菇,3.5,5.25,7.0,,冀,斤,2024-08-11
白玉菇,2.2,2.6,3.0,,冀豫京,斤,2024-08-11
口蘑,7.0,7.5,8.0,,冀闽,斤,2024-08-11
杏鲍菇,2.0,2.4,2.8,,苏豫津,斤,2024-08-11
金针菇,2.0,2.5,3.0,,辽鲁京,斤,2024-08-11
国产凤梨,2.6,3.05,3.5,,,斤,2024-08-11
圣女果,4.0,4.25,4.5,千禧,,斤,2024-08-11
百香果,10.0,10.5,11.0,,,斤,2024-08-11
冬枣,9.0,11.5,14.0,,,斤,2024-08-11
人参果,5.0,6.5,8.0,,,斤,2024-08-11
绿豆芽,0.95,0.98,1.0,,,斤,2024-08-11
黄豆芽,0.85,0.88,0.9,,,斤,2024-08-11
番茄,1.6,1.95,2.3,黑框,冀蒙,斤,2024-08-11
番茄,2.2,2.55,2.9,纸箱\泡沫箱,冀蒙,斤,2024-08-11
番茄,2.3,2.8,3.3,白框,鲁蒙晋,斤,2024-08-11
黄瓜,2.5,4.25,6.0,袋\箱,辽冀蒙津,斤,2024-08-11
黄瓜,3.0,4.25,5.5,干花\鲜花,冀辽,斤,2024-08-11
小黄瓜,7.1,7.25,7.4,旱,辽鲁,斤,2024-08-11
小黄瓜,7.2,7.3,7.4,荷兰,辽鲁,斤,2024-08-11
茄子,1.3,2.4,3.5,,冀京,斤,2024-08-11
长茄,1.5,2.65,3.8,,辽晋,斤,2024-08-11
线茄,1.2,2.85,4.5,,冀,斤,2024-08-11
广茄,1.0,1.6,2.2,,京,斤,2024-08-11
冬瓜,1.3,1.35,1.4,吊,冀辽,斤,2024-08-11
冬瓜,0.7,0.75,0.8,地,冀鄂,斤,2024-08-11
毛冬瓜,0.8,1.0,1.2,长\小,冀鲁豫,斤,2024-08-11
架豆,4.0,5.0,6.0,,冀晋,斤,2024-08-11
豆王,4.0,5.5,7.0,,辽冀,斤,2024-08-11
扁豆,5.0,5.75,6.5,,晋冀,斤,2024-08-11
豇豆,4.5,5.25,6.0,,冀,斤,2024-08-11
鸭肠,6.5,6.75,7.0,,,斤,2024-08-07
鸭肝,2.5,2.5,2.5,,,斤,2024-08-07
鸭头,9.5,10.25,11.0,,,斤,2024-08-07
鸭心,4.5,4.75,5.0,,,斤,2024-08-07
鸭腿,5.0,5.5,6.0,,,斤,2024-08-07
鸭胗,13.0,13.5,14.0,,,斤,2024-08-07
鸭脖子,9.0,9.5,10.0,去皮,,斤,2024-08-07
白条乳鸽,21.0,22.0,23.0,,,只,2024-08-07
白条兔,23.0,23.0,23.0,鲜,,斤,2024-08-07
箱鸡蛋,202.0,204.5,207.0,净44斤,,箱,2024-08-07
箱鸡蛋,4.59,4.65,4.7,,,斤,2024-08-07
散鸡蛋,5.0,5.1,5.2,,,斤,2024-08-07
生鸭蛋,7.5,7.75,8.0,,,斤,2024-08-07
熟鸭蛋,8.6,8.8,9.0,,,斤,2024-08-07
松花蛋,7.0,8.0,9.0,,,斤,2024-08-07
鹅蛋,16.5,17.0,17.5,,,斤,2024-08-07
鹌鹑蛋,6.2,6.6,7.0,,,斤,2024-08-07
柴鸡蛋,4.7,6.5,8.3,,,斤,2024-08-07
乌鸡蛋,6.8,7.4,8.0,,,斤,2024-08-07
大雁蛋,17.0,18.0,19.0,,,斤,2024-08-07
黄元帅,2.5,3.0,3.5,,,斤,2024-08-03
花牛,2.0,3.5,5.0,,,斤,2024-08-03
阿克苏,3.7,4.15,4.6,冰糖心,新疆,斤,2024-08-03
秦阳,3.0,3.75,4.5,,,斤,2024-08-03
嘎啦,4.0,4.25,4.5,（纸袋）,,斤,2024-08-03
青苹果,3.3,3.55,3.8,,,斤,2024-08-03
阳光玫瑰,7.0,12.5,18.0,,,斤,2024-08-03
红提葡萄,7.0,8.5,10.0,,,斤,2024-08-03
140葡萄,2.2,2.25,2.3,,,斤,2024-08-03
玫瑰香,4.5,5.25,6.0,,,斤,2024-08-03
克伦生,8.0,10.0,12.0,,,斤,2024-08-03
夏黑葡萄,6.5,8.25,10.0,,,斤,2024-08-03
辽峰,9.0,9.5,10.0,,,斤,2024-08-03
郁金香,7.0,8.0,9.0,茉莉香,,斤,2024-08-03
美人指,9.0,10.5,12.0,茉莉香,,斤,2024-08-03
巨峰葡萄,6.0,6.5,7.0,,,斤,2024-08-03
新疆无核,6.0,7.0,8.0,,,斤,2024-08-03
青提（维多利亚）,3.5,4.25,5.0,,,斤,2024-08-03
乒乓球葡萄,4.0,6.5,9.0,,,斤,2024-08-03
紫甜葡萄,6.5,7.25,8.0,,,斤,2024-08-03
古币香油,20.0,21.0,22.0,450g/瓶,,斤,2024-07-31
汇福大豆油,42.5,43.0,43.5,5L/桶,,斤,2024-07-31
非转基因九三大豆油,63.0,64.0,65.0,5L/桶,,斤,2024-07-31
鲁花花生油,145.0,146.5,148.0,5L/桶,,斤,2024-07-31
鲁花非转基因大豆油,88.0,89.0,90.0,5L/桶,,斤,2024-07-31
多力葵花籽油,68.0,69.0,70.0,5L/桶,,斤,2024-07-31
乐初非转基因大豆油,110.0,112.5,115.0,10L/桶,,斤,2024-07-31
古船大豆油,42.0,42.5,43.0,4.5L/桶,,斤,2024-07-31
古船非转基因大豆油,100.0,101.0,102.0,10L/桶,,斤,2024-07-31
大豆油,158.0,160.0,162.0,20L/桶,,斤,2024-07-31
蛇果,13.0,13.5,14.0,,美国,斤,2024-07-31
新奇士,10.0,11.5,13.0,,澳洲,斤,2024-07-31
橙子,7.0,7.25,7.5,,南非,斤,2024-07-31
啤梨,8.0,8.5,9.0,,美国,斤,2024-07-31
澳柑,14.0,15.0,16.0,,澳洲,斤,2024-07-31
山竹,10.0,15.0,20.0,,泰国,斤,2024-07-31
榴莲,20.5,22.75,25.0,金枕,泰国,斤,2024-07-31
榴莲,15.0,16.0,17.0,干尧,越南,斤,2024-07-31
火龙果,4.3,4.65,5.0,,越南,斤,2024-07-31
龙眼,6.5,7.75,9.0,,泰国,个,2024-07-31
红薯,1.0,1.3,1.6,西瓜红\烟薯,冀粤琼,斤,2024-07-27
紫薯,2.6,3.6,4.6,,冀粤,斤,2024-07-27
荸荠,3.5,3.75,4.0,,皖,斤,2024-07-27
芋头,3.0,3.5,4.0,,鲁,斤,2024-07-27
姜,4.5,4.75,5.0,姜头,鲁,斤,2024-07-27
姜,6.0,6.65,7.3,整姜,鲁,斤,2024-07-27
大蒜,4.5,5.85,7.2,老,豫苏鲁,斤,2024-07-27
蒜米,4.4,4.7,5.0,机剥\手工,鲁,斤,2024-07-27
大葱,2.5,2.65,2.8,,鲁冀,斤,2024-07-27
小葱,2.0,2.75,3.5,,冀辽,斤,2024-07-27
蒜苗,2.2,4.1,6.0,蒜薹,鲁,斤,2024-07-27
蒜黄,9.5,9.75,10.0,,冀,斤,2024-07-27
青蒜,4.0,4.25,4.5,,青,斤,2024-07-27
平菇,3.0,3.75,4.5,,京蒙,斤,2024-07-27
香菇,3.5,5.25,7.0,,冀,斤,2024-07-27
白玉菇,2.2,2.6,3.0,,冀豫京,斤,2024-07-27
口蘑,7.0,7.5,8.0,,冀闽,斤,2024-07-27
杏鲍菇,2.0,2.4,2.8,,苏豫津,斤,2024-07-27
金针菇,2.0,2.5,3.0,,辽鲁京,斤,2024-07-27
国产凤梨,2.8,3.4,4.0,,,斤,2024-07-27
牛前腿,23.5,23.75,24.0,,,斤,2024-07-23
牛后腿,23.5,23.75,24.0,,,斤,2024-07-23
牛腰窝,25.0,26.0,27.0,,,斤,2024-07-23
肥牛,26.0,29.0,32.0,,,斤,2024-07-23
牛柳,30.0,30.0,30.0,里脊,,斤,2024-07-23
精牛柳,31.0,31.0,31.0,,,斤,2024-07-23
牛腩,24.0,24.0,24.0,,,斤,2024-07-23
牛林,23.5,23.75,24.0,,,斤,2024-07-23
牛金钱腱,45.0,45.0,45.0,,,斤,2024-07-23
牛筋头巴脑,20.0,21.0,22.0,,,斤,2024-07-23
牛宝,17.0,17.5,18.0,,,斤,2024-07-23
牛鞭,58.0,59.0,60.0,,,斤,2024-07-23
牛油,5.0,5.0,5.0,,,斤,2024-07-23
牛心,6.5,6.75,7.0,,,斤,2024-07-23
牛舌,24.0,24.5,25.0,,,斤,2024-07-23
牛骨,4.0,4.25,4.5,,,斤,2024-07-23
牛排骨,25.0,25.0,25.0,,,斤,2024-07-23
牛蹄筋,23.0,23.5,24.0,,,斤,2024-07-23
牛板筋,27.0,27.5,28.0,,,斤,2024-07-23
牛心管,30.0,32.5,35.0,,,斤,2024-07-23
鱿鱼丝,45.0,47.5,50.0,,,斤,2024-07-20
龙门米醋,2.0,2.5,3.0,,,斤,2024-07-20
路畅陈醋,1.2,1.35,1.5,,,斤,2024-07-20
路畅米醋,1.0,1.15,1.3,,,斤,2024-07-20
路畅料酒,1.1,1.2,1.3,,,斤,2024-07-20
路畅黄豆酱油,1.2,1.25,1.3,,,斤,2024-07-20
粉条,4.5,6.25,8.0,,,斤,2024-07-20
大白菜,0.35,0.45,0.55,,冀,斤,2024-07-20
娃娃菜,0.6,0.7,0.8,,冀,斤,2024-07-20
小白菜,1.0,1.25,1.5,,冀,斤,2024-07-20
圆白菜,0.5,0.7,0.9,,冀,斤,2024-07-20
紫甘蓝,0.7,0.75,0.8,,冀,斤,2024-07-20
芹菜,1.2,1.3,1.4,,冀,斤,2024-07-20
西芹,1.8,1.9,2.0,,辽,斤,2024-07-20
菠菜,1.5,2.0,2.5,,冀蒙,斤,2024-07-20
莴笋,0.8,1.05,1.3,,冀,斤,2024-07-20
团生菜,1.2,1.5,1.8,,冀,斤,2024-07-20
罗马生菜,1.0,1.5,2.0,,云京,斤,2024-07-20
散叶生菜,1.0,1.1,1.2,,冀京,斤,2024-07-20
油菜,1.3,1.4,1.5,,京,斤,2024-07-20
鸡胗,10.0,11.0,12.0,,,斤,2024-07-16
鸡爪,20.0,20.0,20.0,,,斤,2024-07-16
鸡心,5.0,5.0,5.0,,,斤,2024-07-16
鸡肝,3.0,3.0,3.0,,,斤,2024-07-16
鸡脖子,4.8,4.9,5.0,去皮,,斤,2024-07-16
鸡头,2.5,2.75,3.0,,,斤,2024-07-16
鸡油,5.5,5.5,5.5,,,斤,2024-07-16
鸡架子,3.5,3.75,4.0,,,斤,2024-07-16
白条乌鸡,11.5,11.75,12.0,净膛,,斤,2024-07-16
黑爪公鸡,11.0,12.0,13.0,净膛,,斤,2024-07-16
白条鹅,11.0,12.0,13.0,净膛,,斤,2024-07-16
白条湖鸭,7.0,7.25,7.5,,,斤,2024-07-16
鸭肠,6.5,6.75,7.0,,,斤,2024-07-16
鸭肝,2.5,2.5,2.5,,,斤,2024-07-16
鸭头,9.5,10.25,11.0,,,斤,2024-07-16
鸭心,4.5,4.75,5.0,,,斤,2024-07-16
鸭腿,5.0,5.5,6.0,,,斤,2024-07-16
鸭胗,13.0,13.5,14.0,,,斤,2024-07-16
鸭脖子,9.0,9.5,10.0,去皮,,斤,2024-07-16
白条乳鸽,21.0,22.0,23.0,,,只,2024-07-16
大葱,2.0,2.15,2.3,,鲁,斤,2024-07-11
小葱,2.0,2.5,3.0,,冀辽,斤,2024-07-11
蒜苗,2.2,3.85,5.5,蒜薹,鲁,斤,2024-07-11
蒜黄,7.8,7.9,8.0,,冀,斤,2024-07-11
青蒜,2.8,3.05,3.3,,甘,斤,2024-07-11
平菇,2.5,3.25,4.0,,京蒙,斤,2024-07-11
香菇,3.5,5.25,7.0,,冀,斤,2024-07-11
白玉菇,2.2,2.6,3.0,,冀豫京,斤,2024-07-11
口蘑,7.0,7.5,8.0,,冀闽,斤,2024-07-11
杏鲍菇,2.0,2.4,2.8,,苏豫津,斤,2024-07-11
金针菇,1.8,2.25,2.7,,辽鲁京,斤,2024-07-11
油菜,1.0,1.2,1.4,,,斤,2024-07-11
小白菜,1.8,2.15,2.5,,,斤,2024-07-11
油麦菜,1.5,1.9,2.3,,,斤,2024-07-11
奶白菜,3.0,3.25,3.5,,,斤,2024-07-11
散生菜,1.8,2.05,2.3,,,斤,2024-07-11
香葱,4.2,4.75,5.3,,,斤,2024-07-11
茼蒿,4.0,5.0,6.0,,,斤,2024-07-11
蒿子秆,3.5,3.75,4.0,,,斤,2024-07-11
水萝卜,1.5,1.85,2.2,,,斤,2024-07-11
京红桃,3.0,3.75,4.5,,,斤,2024-07-08
黄油蟠,4.0,5.25,6.5,,,斤,2024-07-08
猕猴桃,6.5,6.75,7.0,徐香,,斤,2024-07-08
吊干杏,12.0,13.0,14.0,,,斤,2024-07-08
李子,1.5,3.5,5.5,,,斤,2024-07-08
小白杏,1.0,2.0,3.0,,,斤,2024-07-08
串红杏,1.5,2.0,2.5,,,斤,2024-07-08
杏梅,2.5,3.25,4.0,,,斤,2024-07-08
无籽小号-大号,0.8,0.9,1.0,,,斤,2024-07-08
麒麟,2.0,2.4,2.8,甜蜜蜜,,斤,2024-07-08
特小凤,2.0,2.25,2.5,,,斤,2024-07-08
L600吊秧瓜,1.9,2.0,2.1,,,斤,2024-07-08
甜王,0.7,0.85,1.0,,,斤,2024-07-08
金城5号,0.8,1.0,1.2,,,斤,2024-07-08
蜜童,1.3,1.55,1.8,,,斤,2024-07-08
8424西瓜,2.0,2.15,2.3,,,斤,2024-07-08
国产香蕉,2.8,3.3,3.8,,,斤,2024-07-08
进口香蕉,3.8,4.2,4.6,菲律宾、老挝,,斤,2024-07-08
泰国香蕉,10.0,10.5,11.0,帝王蕉,,斤,2024-07-08
苹果蕉,4.0,4.25,4.5,,,斤,2024-07-08
平鱼,18.0,19.0,20.0,120-130g/冻,国产,斤,2024-07-04
平鱼,28.0,29.0,30.0,150-200g/冻,国产,斤,2024-07-04
平鱼,45.0,46.5,48.0,250-300g/冻,国产,斤,2024-07-04
鱿鱼,18.0,19.0,20.0,带头,,斤,2024-07-04
鱿鱼,23.0,23.5,24.0,去头,,斤,2024-07-04
八爪鱼,40.0,42.5,45.0,活,,斤,2024-07-04
海鲈鱼,14.0,14.5,15.0,鲜,,斤,2024-07-04
墨鱼,27.0,27.5,28.0,鲜,,斤,2024-07-04
金鲳鱼,24.0,24.5,25.0,400g-500g,,斤,2024-07-04
金鲳鱼,24.0,24.5,25.0,500g-650g,,斤,2024-07-04
白虾,14.0,14.5,15.0,鲜,,斤,2024-07-04
白虾,22.5,23.75,25.0,10-15头/冻,,斤,2024-07-04
白虾,20.0,21.0,22.0,15-20头/冻,,斤,2024-07-04
白虾,20.0,20.0,20.0,20-25头/冻,,斤,2024-07-04
白虾（笼装）,23.0,23.5,24.0,21-24头/活,,斤,2024-07-04
白虾（笼装）,20.0,21.0,22.0,26-30头/活,,斤,2024-07-04
白虾（精品）,24.0,24.5,25.0,21-24头/活,,斤,2024-07-04
白虾（精品）,22.0,22.5,23.0,26-30头/活,,斤,2024-07-04
小海白虾,25.0,27.5,30.0,鲜,,斤,2024-07-04
小河虾,20.0,22.5,25.0,小,,斤,2024-07-04
仙人掌,40.0,40.5,41.0,,,斤,2024-06-30
西洋菜,9.0,9.5,10.0,,,斤,2024-06-30
高山娃娃,5.0,5.25,5.5,,,斤,2024-06-30
孢子甘蓝,20.0,20.5,21.0,,,斤,2024-06-30
紫贝天葵,10.0,10.5,11.0,,,斤,2024-06-30
鱼腥草叶,15.0,15.5,16.0,,,斤,2024-06-30
鱼腥草根,9.0,9.5,10.0,,,斤,2024-06-30
兰花,13.0,13.5,14.0,,,斤,2024-06-30
荷兰豆,9.0,9.5,10.0,,,斤,2024-06-30
朝天椒,9.0,9.5,10.0,,,斤,2024-06-30
球茎茴香,7.0,7.5,8.0,,,斤,2024-06-30
香蕉西葫,8.0,8.5,9.0,,,斤,2024-06-30
毛豆仁,14.0,14.5,15.0,,,斤,2024-06-30
冰草,7.0,7.5,8.0,,,斤,2024-06-30
蚕豆仁,16.0,16.5,17.0,,,斤,2024-06-30
蛇果,13.0,13.5,14.0,,美国,斤,2024-06-30
无籽红提,21.0,22.0,23.0,,澳洲,斤,2024-06-30
新奇士,10.0,11.5,13.0,,澳洲,斤,2024-06-30
橙子,4.5,5.0,5.5,,埃及,斤,2024-06-30
啤梨,8.0,8.5,9.0,,美国,斤,2024-06-30
菜心,1.5,2.0,2.5,,,斤,2024-06-27
空心菜,2.5,3.0,3.5,,,斤,2024-06-27
荠菜,8.0,8.5,9.0,,,斤,2024-06-27
鸡毛菜,3.0,3.25,3.5,,,斤,2024-06-27
荆芥,2.0,2.5,3.0,,,斤,2024-06-27
紫苏叶,4.0,4.25,4.5,,,斤,2024-06-27
豌豆苗,5.0,5.25,5.5,,,斤,2024-06-27
快菜,1.5,1.75,2.0,,,斤,2024-06-27
苦菊,2.0,2.5,3.0,,,斤,2024-06-27
穿心莲,2.5,2.65,2.8,,,斤,2024-06-27
木耳菜,2.0,2.25,2.5,,,斤,2024-06-27
菠萝,2.0,2.5,3.0,箱装（上六下六）,,斤,2024-06-27
凤梨,2.8,3.9,5.0,,国产,斤,2024-06-27
圣女果,3.7,4.6,5.5,千禧,,斤,2024-06-27
百香果,10.0,11.0,12.0,,,斤,2024-06-27
人参果,5.0,5.75,6.5,,,斤,2024-06-27
杨梅,9.0,14.5,20.0,,,斤,2024-06-27
蓝莓,20.0,32.5,45.0,,,斤,2024-06-27
火龙果,7.0,9.0,11.0,红,,斤,2024-06-27
火龙果,5.3,6.3,7.3,白,,斤,2024-06-27
进口香蕉,3.8,4.2,4.6,菲律宾、老挝,,斤,2024-06-25
泰国香蕉,10.0,10.25,10.5,帝王蕉,,斤,2024-06-25
苹果蕉,4.0,4.5,5.0,,,斤,2024-06-25
晓蜜25号,1.8,2.05,2.3,,,斤,2024-06-25
玉菇,1.9,2.0,2.1,奶香蜜,,斤,2024-06-25
网纹,5.0,5.5,6.0,,,斤,2024-06-25
景甜甜瓜,1.5,1.95,2.4,,,斤,2024-06-25
白糖罐,1.8,2.15,2.5,,,斤,2024-06-25
羊角蜜,1.4,2.2,3.0,六一,,斤,2024-06-25
花蕾甜瓜,2.5,2.75,3.0,,,斤,2024-06-25
脆梨,1.7,1.75,1.8,,,斤,2024-06-25
绿宝甜瓜,2.4,2.7,3.0,,,斤,2024-06-25
博阳,1.2,2.0,2.8,系列,,斤,2024-06-25
红金蜜,1.5,1.65,1.8,,,斤,2024-06-25
东北甜瓜,3.0,3.25,3.5,,,斤,2024-06-25
久红瑞,1.5,1.65,1.8,,,斤,2024-06-25
富士,2.0,3.15,4.3,纸袋Φ70-84,,斤,2024-06-25
富士,1.8,2.2,2.6,纸+膜袋,,斤,2024-06-25
富士,4.5,5.0,5.5,纸袋Φ85以上,,斤,2024-06-25
黄元帅,2.5,3.05,3.6,,,斤,2024-06-25
白虾（笼装）,23.0,23.5,24.0,26-30头/活,,斤,2024-06-21
白虾（精品）,27.0,27.0,27.0,21-24头/活,,斤,2024-06-21
白虾（精品）,26.0,26.0,26.0,26-30头/活,,斤,2024-06-21
小海白虾,25.0,27.5,30.0,鲜,,斤,2024-06-21
小河虾,20.0,22.5,25.0,小,,斤,2024-06-21
小河虾,30.0,32.5,35.0,中,,斤,2024-06-21
小龙虾,17.0,17.5,18.0,20g-30g,,斤,2024-06-21
小龙虾,23.0,23.5,24.0,35g-45g,,斤,2024-06-21
琵琶虾,50.0,60.0,70.0,活,,斤,2024-06-21
小青龙虾,175.0,177.5,180.0,活,,斤,2024-06-21
虾仁,27.0,27.5,28.0,鲜,,斤,2024-06-21
基围虾,80.0,155.0,230.0,30-50头/活,,斤,2024-06-21
罗氏虾,60.0,62.5,65.0,活,,斤,2024-06-21
波士顿龙虾,100.0,120.0,140.0,活,,斤,2024-06-21
澳洲龙虾,400.0,425.0,450.0,1000g-1250g,,斤,2024-06-21
玫瑰龙虾,320.0,325.0,330.0,1000g左右,,斤,2024-06-21
母梭子蟹,100.0,115.0,130.0,250g左右,,斤,2024-06-21
公梭子蟹,80.0,90.0,100.0,250g左右,,斤,2024-06-21
珍宝蟹,130.0,137.5,145.0,活,,斤,2024-06-21
帝王蟹,290.0,300.0,310.0,活,,斤,2024-06-21
青皮,5.0,5.5,6.0,,,斤,2024-06-17
象牙芒,6.0,6.5,7.0,,,斤,2024-06-17
贵妃芒,7.0,7.75,8.5,,,斤,2024-06-17
澳芒,9.0,10.0,11.0,,,斤,2024-06-17
水仙芒果,7.5,8.5,9.5,,,斤,2024-06-17
妃子笑,8.0,10.0,12.0,,,斤,2024-06-17
水晶,10.0,17.5,25.0,,,斤,2024-06-17
美早,8.0,30.0,52.0,,,斤,2024-06-17
南阳,20.0,29.5,39.0,,,斤,2024-06-17
先锋,8.0,11.5,15.0,,,斤,2024-06-17
拉宾斯,8.0,14.0,20.0,,,斤,2024-06-17
沙蜜托,10.0,15.0,20.0,,,斤,2024-06-17
白条猪,12.25,12.25,12.25,瘦,,斤,2024-06-17
白条猪,11.5,11.5,11.5,肥,,斤,2024-06-17
前臀尖,12.0,12.0,12.0,瘦,,斤,2024-06-17
前臀尖,11.5,11.5,11.5,肥,,斤,2024-06-17
后臀尖,12.0,12.0,12.0,瘦,,斤,2024-06-17
后臀尖,11.5,11.5,11.5,肥,,斤,2024-06-17
五花肉,13.5,14.0,14.5,瘦,,斤,2024-06-17
五花肉,13.0,13.25,13.5,肥,,斤,2024-06-17
柴鸡蛋,4.2,6.25,8.3,,,斤,2024-06-14
乌鸡蛋,7.0,7.75,8.5,,,斤,2024-06-14
大雁蛋,18.0,19.0,20.0,,,斤,2024-06-14
变蛋,0.7,0.85,1.0,,,个,2024-06-14
鸵鸟蛋,100.0,125.0,150.0,,,个,2024-06-14
鸽子蛋,2.9,2.95,3.0,,,个,2024-06-14
活珠子,1.35,1.43,1.5,,,个,2024-06-14
山鸡蛋,1.0,1.0,1.0,,,个,2024-06-14
鲤鱼,7.0,7.0,7.0,750g-1000g,,斤,2024-06-14
鲤鱼,7.0,7.25,7.5,>1000g,,斤,2024-06-14
草鱼,7.0,7.0,7.0,750g-1000g,,斤,2024-06-14
草鱼,7.0,7.25,7.5,1500g左右,,斤,2024-06-14
草鱼,8.0,8.5,9.0,5000g左右,,斤,2024-06-14
鲫鱼,10.0,10.5,11.0,100g-150g,,斤,2024-06-14
鲫鱼,11.0,11.25,11.5,200g-250g,,斤,2024-06-14
鲫鱼,11.5,11.75,12.0,350g-400g,,斤,2024-06-14
胖头鱼,10.0,10.25,10.5,>2000g,,斤,2024-06-14
胖头鱼,11.0,11.5,12.0,<2000g,,斤,2024-06-14
武昌鱼,11.0,12.0,13.0,700g左右,,斤,2024-06-14
鲢鱼,4.0,4.25,4.5,>1500g,,斤,2024-06-14
鲍鱼,3.0,3.5,4.0,10-12头,,个,2024-06-12
扇贝,45.0,47.5,50.0,>16cm/活,,斤,2024-06-12
扇贝,42.0,42.0,42.0,10-12cm/活,,斤,2024-06-12
扇贝,40.0,40.0,40.0,7-9cm/活,,斤,2024-06-12
小红扇贝,8.5,9.25,10.0,活,,斤,2024-06-12
象拔蚌,70.0,72.5,75.0,活,,斤,2024-06-12
角螺,35.0,36.5,38.0,活,,斤,2024-06-12
赤贝,18.0,18.5,19.0,活,,斤,2024-06-12
花螺,22.0,33.5,45.0,活,,斤,2024-06-12
钉螺,9.0,9.5,10.0,活,,斤,2024-06-12
海螺,17.0,18.0,19.0,活（小）,,斤,2024-06-12
海螺,22.0,23.5,25.0,活（中）,,斤,2024-06-12
海螺,33.0,39.0,45.0,活（大）,,斤,2024-06-12
竹蛏子,10.0,12.5,15.0,活（中）,,斤,2024-06-12
蛏子,18.0,19.0,20.0,活,,斤,2024-06-12
带子,16.0,18.0,20.0,活,,斤,2024-06-12
生蚝,7.0,7.5,8.0,150g,,斤,2024-06-12
生蚝,8.0,8.5,9.0,200g,,斤,2024-06-12
黄蚬子,13.0,22.5,32.0,活,,斤,2024-06-12
文蛤,10.0,11.0,12.0,活,,斤,2024-06-12
鸡肝,3.0,3.0,3.0,,,斤,2024-06-09
鸡脖子,4.8,4.9,5.0,去皮,,斤,2024-06-09
鸡头,2.5,2.75,3.0,,,斤,2024-06-09
鸡油,5.5,5.5,5.5,,,斤,2024-06-09
鸡架子,3.5,3.75,4.0,,,斤,2024-06-09
白条乌鸡,11.5,11.75,12.0,净膛,,斤,2024-06-09
黑爪公鸡,11.0,12.0,13.0,净膛,,斤,2024-06-09
白条鹅,11.0,12.0,13.0,净膛,,斤,2024-06-09
白条湖鸭,6.5,7.0,7.5,,,斤,2024-06-09
鸭肠,7.0,7.25,7.5,,,斤,2024-06-09
鸭肝,2.5,2.5,2.5,,,斤,2024-06-09
鸭头,9.5,10.25,11.0,,,斤,2024-06-09
鸭心,4.5,4.75,5.0,,,斤,2024-06-09
鸭腿,5.0,5.5,6.0,,,斤,2024-06-09
鸭胗,14.5,14.75,15.0,,,斤,2024-06-09
鸭脖子,9.0,9.5,10.0,去皮,,斤,2024-06-09
白条乳鸽,21.0,22.0,23.0,,,只,2024-06-09
白条兔,23.0,23.0,23.0,鲜,,斤,2024-06-09
箱鸡蛋,187.0,189.5,192.0,净44斤,,箱,2024-06-09
箱鸡蛋,4.25,4.31,4.36,,,斤,2024-06-09
乌鸡蛋,7.0,7.75,8.5,,,斤,2024-06-05
大雁蛋,18.0,19.0,20.0,,,斤,2024-06-05
变蛋,0.7,0.85,1.0,,,个,2024-06-05
鸵鸟蛋,100.0,125.0,150.0,,,个,2024-06-05
鸽子蛋,2.8,2.9,3.0,,,个,2024-06-05
活珠子,1.35,1.43,1.5,,,个,2024-06-05
山鸡蛋,1.0,1.0,1.0,,,个,2024-06-05
鲤鱼,7.0,7.25,7.5,750g-1000g,,斤,2024-06-05
鲤鱼,7.0,7.25,7.5,>1000g,,斤,2024-06-05
草鱼,7.0,7.25,7.5,750g-1000g,,斤,2024-06-05
草鱼,7.0,7.25,7.5,1500g左右,,斤,2024-06-05
草鱼,8.0,8.5,9.0,5000g左右,,斤,2024-06-05
鲫鱼,9.0,9.5,10.0,100g-150g,,斤,2024-06-05
鲫鱼,10.5,11.0,11.5,200g-250g,,斤,2024-06-05
鲫鱼,11.5,11.75,12.0,350g-400g,,斤,2024-06-05
胖头鱼,10.5,10.75,11.0,>2000g,,斤,2024-06-05
胖头鱼,11.0,11.5,12.0,<2000g,,斤,2024-06-05
武昌鱼,12.0,12.5,13.0,700g左右,,斤,2024-06-05
鲢鱼,4.0,4.25,4.5,>1500g,,斤,2024-06-05
鲢鱼,3.5,3.75,4.0,1000-1500g,,斤,2024-06-05
姜,6.5,6.75,7.0,整姜,鲁,斤,2024-06-01
大蒜,2.2,2.7,3.2,新,豫,斤,2024-06-01
大蒜,4.0,4.65,5.3,老,豫苏鲁,斤,2024-06-01
蒜米,3.7,4.05,4.4,机剥\手工,鲁,斤,2024-06-01
大葱,1.0,1.05,1.1,,鲁,斤,2024-06-01
小葱,1.3,1.4,1.5,,冀豫,斤,2024-06-01
蒜苗,2.2,3.6,5.0,蒜薹,豫苏鲁,斤,2024-06-01
蒜黄,6.0,6.25,6.5,,冀,斤,2024-06-01
青蒜,1.5,2.0,2.5,,冀,斤,2024-06-01
平菇,3.0,3.25,3.5,,京,斤,2024-06-01
香菇,3.5,5.25,7.0,,冀,斤,2024-06-01
白玉菇,3.0,3.5,4.0,,冀豫京,斤,2024-06-01
口蘑,7.5,8.0,8.5,,冀闽,斤,2024-06-01
杏鲍菇,2.5,3.25,4.0,,苏豫津,斤,2024-06-01
金针菇,2.0,2.3,2.6,,辽鲁京,斤,2024-06-01
菠萝,2.0,2.4,2.8,箱装（上六下六）,,斤,2024-06-01
凤梨,3.5,4.5,5.5,,国产,斤,2024-06-01
圣女果,4.0,4.25,4.5,千禧,,斤,2024-06-01
百香果,8.0,9.0,10.0,,,斤,2024-06-01
九九草莓,6.0,9.0,12.0,,,斤,2024-06-01
柠檬,3.0,3.5,4.0,,,斤,2024-05-29
姑娘果（灯笼果）,12.5,16.25,20.0,,,斤,2024-05-29
鸭梨,1.8,1.9,2.0,,,斤,2024-05-29
雪花梨,1.6,1.7,1.8,,,斤,2024-05-29
皇冠梨,2.7,2.75,2.8,纸箱,,斤,2024-05-29
丰水梨,2.8,2.95,3.1,,,斤,2024-05-29
酥梨,2.0,2.25,2.5,,,斤,2024-05-29
库尔勒香梨,3.5,4.7,5.9,,,斤,2024-05-29
红香酥梨,2.5,2.55,2.6,,,斤,2024-05-29
秋月梨,3.6,3.8,4.0,,,斤,2024-05-29
丑橘,3.0,3.65,4.3,,,斤,2024-05-29
沃柑,2.0,3.0,4.0,,,斤,2024-05-29
伦晚脐橙,1.8,2.65,3.5,,,斤,2024-05-29
耙耙柑,4.5,5.25,6.0,,,斤,2024-05-29
金桔,3.2,6.1,9.0,,,斤,2024-05-29
油桃,2.5,5.75,9.0,,,斤,2024-05-29
蟠桃,4.0,6.0,8.0,,,斤,2024-05-29
水蜜桃,10.0,12.75,15.5,,,斤,2024-05-29
春雪,7.0,10.0,13.0,,,斤,2024-05-29
黄油桃,7.0,8.5,10.0,,,斤,2024-05-29
猪肝,4.0,4.5,5.0,,,斤,2024-05-26
猪肺,2.0,2.5,3.0,,,个,2024-05-26
猪皮,4.0,4.5,5.0,,,斤,2024-05-26
猪肠头,19.0,19.5,20.0,,,斤,2024-05-26
猪肠,17.0,17.0,17.0,,,斤,2024-05-26
整牛,21.0,21.5,22.0,,,斤,2024-05-26
牛前腱,26.0,27.0,28.0,,,斤,2024-05-26
牛后腱,26.0,26.5,27.0,,,斤,2024-05-26
牛前腿,22.0,23.0,24.0,,,斤,2024-05-26
牛后腿,22.0,23.0,24.0,,,斤,2024-05-26
牛腰窝,25.0,25.0,25.0,,,斤,2024-05-26
肥牛,26.0,29.0,32.0,,,斤,2024-05-26
牛柳,31.0,31.5,32.0,里脊,,斤,2024-05-26
精牛柳,32.0,32.5,33.0,,,斤,2024-05-26
牛腩,22.0,22.5,23.0,,,斤,2024-05-26
牛林,22.0,22.5,23.0,,,斤,2024-05-26
牛金钱腱,43.0,44.0,45.0,,,斤,2024-05-26
牛筋头巴脑,18.0,19.0,20.0,,,斤,2024-05-26
牛宝,17.0,17.5,18.0,,,斤,2024-05-26
牛鞭,58.0,59.0,60.0,,,斤,2024-05-26
白蛤,6.0,6.5,7.0,活,,斤,2024-05-23
青蛤,12.0,13.5,15.0,活,,斤,2024-05-23
花蛤,4.0,4.5,5.0,活,,斤,2024-05-23
毛钳,6.0,6.5,7.0,,,斤,2024-05-23
田螺,3.0,3.5,4.0,去尾,,斤,2024-05-23
猫眼螺,23.0,29.0,35.0,活,,斤,2024-05-23
甲鱼,35.0,42.5,50.0,仿野生,,斤,2024-05-23
甲鱼,20.0,22.5,25.0,养殖,,斤,2024-05-23
蚕蛹,40.0,41.0,42.0,活,,斤,2024-05-23
牛蛙,10.5,10.75,11.0,活,,斤,2024-05-23
海蜇头,11.0,11.5,12.0,腌渍,,斤,2024-05-23
海蜇皮,14.0,15.0,16.0,腌渍,,斤,2024-05-23
海蜇丝,7.5,8.0,8.5,腌渍,,斤,2024-05-23
大白菜,0.35,0.4,0.45,,冀,斤,2024-05-22
娃娃菜,0.5,0.6,0.7,,冀,斤,2024-05-22
小白菜,0.6,0.7,0.8,,冀,斤,2024-05-22
圆白菜,0.6,0.9,1.2,大棚,冀,斤,2024-05-22
紫甘蓝,1.2,1.25,1.3,,苏冀,斤,2024-05-22
芹菜,1.3,1.4,1.5,,津京,斤,2024-05-22
西芹,2.8,3.05,3.3,,辽,斤,2024-05-22
香菜,8.0,8.5,9.0,,冀,斤,2024-05-19
茴香,1.2,1.25,1.3,,冀,斤,2024-05-19
韭菜,1.2,1.35,1.5,,冀,斤,2024-05-19
苦菊,2.9,3.0,3.1,,辽,斤,2024-05-19
油麦菜,3.0,3.25,3.5,,京,斤,2024-05-19
散菜花,1.5,2.15,2.8,,鲁陕冀,斤,2024-05-19
绿菜花,1.8,2.0,2.2,,冀,斤,2024-05-19
绿豆芽,0.95,0.98,1.0,,,斤,2024-05-19
黄豆芽,0.85,0.88,0.9,,,斤,2024-05-19
番茄,1.8,2.0,2.2,黑框,冀,斤,2024-05-19
番茄,2.2,2.35,2.5,纸箱\泡沫箱,冀鲁,斤,2024-05-19
番茄,2.2,2.6,3.0,白框,鲁,斤,2024-05-19
黄瓜,0.6,0.75,0.9,袋\箱,辽鲁冀蒙,斤,2024-05-19
黄瓜,0.8,0.9,1.0,干花\鲜花,冀,斤,2024-05-19
小黄瓜,2.3,2.4,2.5,旱,辽鲁,斤,2024-05-19
小黄瓜,2.5,2.6,2.7,荷兰,辽鲁,斤,2024-05-19
茄子,1.1,1.3,1.5,,冀鲁,斤,2024-05-19
长茄,1.0,1.4,1.8,,辽,斤,2024-05-19
线茄,2.0,2.5,3.0,箱,冀,斤,2024-05-19
广茄,2.0,3.0,4.0,箱,云京,斤,2024-05-19
牛骨,4.0,4.25,4.5,,,斤,2024-06-25
牛排骨,25.0,25.0,25.0,,,斤,2024-06-25
牛蹄筋,23.0,23.5,24.0,,,斤,2024-06-25
牛板筋,27.0,27.5,28.0,,,斤,2024-06-25
牛心管,30.0,32.5,35.0,,,斤,2024-06-25
牛肚,17.0,18.5,20.0,,,斤,2024-06-25
牛腰子,10.0,11.0,12.0,,,斤,2024-06-25
牛尾,25.0,28.5,32.0,,,斤,2024-06-25
牛百叶,30.0,31.5,33.0,,,斤,2024-06-25
牛上脑,24.0,24.0,24.0,,,斤,2024-06-25
整羊,20.0,20.0,20.0,,,斤,2024-06-25
去骨羊前腿,28.0,28.0,28.0,,,斤,2024-06-25
去骨羊后腿,30.0,30.0,30.0,,,斤,2024-06-25
羊腰窝,26.0,26.5,27.0,,,斤,2024-06-25
羊肉片,25.0,28.5,32.0,,,斤,2024-06-25
羊腰子,11.0,11.5,12.0,挂油,,个,2024-06-25
羊蝎子,10.0,10.0,10.0,普通,,斤,2024-06-25
羊蝎子,19.0,19.5,20.0,精品,,斤,2024-06-25
羊排骨,20.0,20.5,21.0,,,斤,2024-06-25
羊尾巴油,8.5,9.25,10.0,,,斤,2024-06-25
